Flow Duration,Total Fwd Packets,Total Backward Packets,Total Length of Fwd Packets,Total Length of Bwd Packets,Label
131958,823,1251,56947,24345,BENIGN
156867,518,948,30306,51176,BENIGN
141932,476,381,88699,52219,BENIGN
375838,709,460,41821,27403,BENIGN
269178,771,1031,65595,36488,BENIGN
129879,1461,29,23156,6145,BENIGN
120268,1047,907,55647,36974,PortScan
217892,997,1057,91896,19637,BENIGN
64886,677,879,50166,22613,BENIGN
147337,714,79,82868,27243,BENIGN
485602,1482,947,39287,78249,BENIGN
440410,83,459,63446,576,BENIGN
97498,1169,570,22227,51451,DDoS
384871,1109,1454,95581,17911,BENIGN
398468,1102,738,68556,12244,DDoS
185203,457,1309,3581,53187,BENIGN
201335,1,516,34696,50147,BENIGN
288167,51,1123,37235,58953,BENIGN
51090,685,397,80602,56922,PortScan
339365,717,39,80078,28110,BENIGN
74820,1470,1295,25998,78142,BENIGN
272913,449,887,77365,10803,BENIGN
331879,881,797,32156,37276,BENIGN
204027,488,157,68195,11890,BENIGN
337069,34,1099,38400,11186,BENIGN
262709,1372,884,85399,13166,BENIGN
209041,95,1154,48201,66924,BENIGN
277455,1096,974,19533,69199,BENIGN
113355,154,1108,11305,33092,DDoS
245796,250,1046,36351,10064,DDoS
224176,674,1483,27332,43027,DDoS
194779,438,849,63937,78771,BENIGN
357449,118,1406,14444,8368,BENIGN
431909,771,748,20373,7595,BENIGN
475148,1330,1464,40872,41460,BENIGN
268795,268,989,89964,11690,BENIGN
496232,1078,21,15879,20431,BENIGN
402752,236,303,37251,76269,BENIGN
166730,389,869,90322,15338,BENIGN
356622,990,84,5610,52627,PortScan
394681,763,1477,54841,77364,BENIGN
159503,401,1411,12587,21581,BENIGN
140523,624,1281,24262,54489,BENIGN
12747,767,570,83117,48811,BENIGN
133855,1327,934,10096,8905,BENIGN
462366,919,1186,18813,1681,PortScan
75725,1231,1187,67049,66934,PortScan
139981,1253,1009,24205,20110,BENIGN
94654,853,793,67864,24622,PortScan
438989,578,792,73945,42169,BruteForce
391490,75,1295,79145,33255,DDoS
77435,435,492,2523,61688,DDoS
329030,103,208,60296,10507,BENIGN
338947,1446,1084,80573,67928,BENIGN
41551,764,430,92697,28520,BENIGN
388360,738,985,64929,74385,BENIGN
283538,806,1333,62127,22331,BruteForce
341236,1330,520,34348,71021,BENIGN
13890,98,591,38304,71612,DDoS
51606,798,1051,15879,60066,DDoS
499492,1359,199,60164,12749,PortScan
266840,859,387,28266,56999,BruteForce
483254,435,349,68599,46392,BENIGN
359457,447,960,36560,63971,BENIGN
151699,1332,693,95233,10650,BENIGN
280936,249,378,69622,68787,BENIGN
249931,166,899,16587,17922,BENIGN
249629,984,916,49368,70563,BENIGN
215041,1359,527,23725,53417,DDoS
184073,1020,1177,95786,58694,BENIGN
217624,542,734,7143,24082,BENIGN
427113,759,206,93559,28754,BENIGN
78148,1130,455,37227,68204,BENIGN
262801,81,1297,11505,15892,BENIGN
134243,133,1260,66197,22473,DDoS
261995,797,521,16529,33504,BENIGN
392318,900,1017,14726,35896,DDoS
164555,138,956,64146,34624,BENIGN
396502,184,726,61103,61502,DDoS
58555,1425,1014,29231,31050,BENIGN
266508,1354,501,69426,76412,BENIGN
289303,785,117,6497,16866,BENIGN
382654,984,386,56006,7490,PortScan
116530,69,1368,78729,38633,BENIGN
90077,546,584,50315,1889,BENIGN
308064,53,395,42592,25535,BruteForce
495283,1474,1088,63039,459,DDoS
470337,205,721,66577,12445,BENIGN
210551,126,72,22317,32221,DDoS
492691,43,274,38361,16537,BENIGN
291601,111,1344,13928,8544,BENIGN
469773,761,338,44434,15043,BENIGN
218261,1207,1390,10758,46401,PortScan
250181,848,607,58275,56678,PortScan
351097,95,166,82080,71426,BENIGN
325139,1398,11,95447,56371,BENIGN
181829,900,1325,5969,71421,BENIGN
281836,360,729,29354,75063,BruteForce
448974,900,801,6756,12537,BruteForce
475625,281,102,76756,15949,BENIGN
212283,1219,1449,34437,38013,DDoS
206769,1219,1416,99634,73763,DDoS
47065,667,779,2151,45709,BENIGN
233165,93,214,50788,49066,BENIGN
109299,672,1112,85230,46454,BENIGN
435822,61,401,25551,7316,BENIGN
21534,634,588,27886,79863,BENIGN
497879,1075,889,75554,48988,BENIGN
50397,1427,1070,16684,54538,PortScan
267750,1029,1487,34287,58908,BENIGN
363531,1490,592,22121,32197,BENIGN
273160,604,1334,76064,51261,BENIGN
493005,682,1110,78484,69003,BENIGN
65591,534,92,60292,45057,BENIGN
230884,1429,673,45753,27217,BENIGN
33247,838,714,34551,23036,BENIGN
34300,645,936,50311,28290,BENIGN
477281,233,242,30947,62851,BENIGN
92798,524,2,84430,58461,BENIGN
19268,346,225,30754,79923,DDoS
358951,1070,801,84545,22740,BENIGN
284329,546,589,57918,35505,BENIGN
204776,1102,116,14972,55403,DDoS
227851,1097,918,3971,71112,BENIGN
442315,794,1127,96304,41927,BENIGN
411787,249,194,8829,19308,DDoS
246584,47,1190,35365,71574,BENIGN
48044,1145,871,47350,32702,BENIGN
323358,214,90,54720,53684,DDoS
464444,239,122,94308,6093,DDoS
386896,1080,143,6897,5871,BruteForce
58984,350,994,98409,16509,BENIGN
312918,107,106,36025,43448,BENIGN
274712,831,887,53572,2524,BENIGN
130151,48,428,90606,48995,BENIGN
465808,337,1329,84320,32741,BENIGN
470779,1050,317,85030,39429,BENIGN
143767,804,635,23784,62668,PortScan
134375,1281,9,61830,45060,BENIGN
189262,8,774,83869,23778,BENIGN
146330,625,1097,25622,72154,BENIGN
490754,1277,1383,71053,12480,BENIGN
311648,719,223,82406,15672,BENIGN
174231,303,1440,95288,30096,BENIGN
23986,639,553,63312,58572,BENIGN
71858,56,1394,8499,54340,BENIGN
139312,726,716,22936,75657,PortScan
22666,526,1288,43463,71668,PortScan
310804,474,1342,2596,78656,BENIGN
144633,28,1108,25779,16511,BENIGN
298998,78,1342,26701,6142,PortScan
336649,1240,111,20215,63415,PortScan
114488,1410,251,29809,67152,BENIGN
193323,365,383,15578,46268,DDoS
294806,666,7,57114,17808,BENIGN
280536,526,459,5605,22305,DDoS
40535,699,1108,95348,54875,BruteForce
481819,1336,208,3339,19271,BENIGN
385713,883,900,69420,25899,PortScan
324400,1031,1414,44119,67214,BENIGN
361279,1027,1338,43321,67355,BruteForce
399622,919,22,13993,5655,BENIGN
307366,750,410,17569,54420,DDoS
87373,363,895,8031,74919,BENIGN
482791,1298,515,37551,38642,BENIGN
133684,806,1151,8236,79160,BENIGN
499570,739,809,8210,2557,BruteForce
487867,1039,874,67655,27664,DDoS
466551,1216,14,14475,25272,PortScan
283109,485,971,62924,26954,PortScan
34538,28,978,46103,29620,BENIGN
380210,714,1014,23752,21108,BENIGN
211664,1063,1036,81297,52689,BENIGN
385396,1297,87,1931,35073,BENIGN
149182,1255,909,75103,51468,BENIGN
482525,86,1325,37981,28047,BENIGN
168338,1498,1267,93073,76696,BENIGN
194064,126,122,10057,57805,BENIGN
224020,812,1171,75471,18435,BENIGN
108806,537,750,662,47677,BENIGN
410126,145,1380,35242,23854,BruteForce
383133,1236,685,20175,62791,DDoS
100982,25,309,74497,55921,BruteForce
131626,1418,695,17515,58583,BENIGN
129176,67,288,50557,17223,BENIGN
403422,233,307,33091,47891,DDoS
228126,109,914,94083,62561,BENIGN
228969,1170,662,10333,54636,BENIGN
132409,111,549,8396,74383,BENIGN
33419,228,1376,33472,61248,BENIGN
453852,111,312,50233,33302,BENIGN
263618,1494,873,42300,73316,BENIGN
255310,34,1083,96544,26972,BENIGN
60015,623,924,5847,4513,BENIGN
258550,1393,755,59563,10593,BENIGN
132096,748,35,96350,56160,DDoS
117059,595,445,3143,62807,BENIGN
195340,425,93,41285,57434,BENIGN
120687,613,1231,19181,2400,PortScan
360083,692,353,50526,62297,BENIGN
421357,1306,903,16392,28472,BENIGN
221428,1344,1356,47799,20432,BENIGN
115878,1467,862,17573,18499,BENIGN
212982,315,159,31182,36909,BENIGN
459260,877,957,98298,43265,DDoS
208286,1401,24,97394,8316,BENIGN
259002,1313,404,14789,40079,BENIGN
260396,1461,805,8427,32181,BENIGN
174899,662,516,48830,24772,BENIGN
459036,277,732,67207,52113,BENIGN
334767,624,1388,77954,36321,BENIGN
484950,516,1406,65928,54431,BENIGN
347594,1374,532,51101,24387,BENIGN
365570,843,956,77965,13128,BENIGN
389989,1470,152,3039,61910,BENIGN
425515,350,947,23169,1701,DDoS
53585,823,608,71468,15493,BENIGN
381369,1161,420,21144,45164,BENIGN
74044,759,1274,19245,20607,BENIGN
445773,899,1141,28728,19911,DDoS
452296,243,866,35021,44091,BENIGN
119556,543,578,97739,12250,BENIGN
12693,1064,335,27428,76540,DDoS
498219,229,1442,18822,77703,PortScan
367403,548,932,58214,3045,BENIGN
253307,920,295,88396,55543,BENIGN
210235,1247,755,62792,4166,DDoS
35939,6,1395,29555,32545,BruteForce
452141,1346,186,43391,45024,PortScan
446157,468,1270,82412,71654,BENIGN
162906,75,637,7088,51674,BENIGN
28047,4,1292,91036,30416,BENIGN
298249,646,1261,6804,20747,DDoS
85766,118,530,7845,30731,BENIGN
418923,881,21,29800,18208,BENIGN
425192,504,911,24759,29636,DDoS
54262,947,867,91506,41292,BENIGN
397261,574,794,89053,55650,PortScan
295920,1465,100,15852,69861,BENIGN
171152,194,752,33865,52255,BENIGN
138376,847,478,19946,61540,BENIGN
470058,715,1322,2836,20393,DDoS
464589,1416,940,62532,6455,BENIGN
147848,1050,526,75915,46907,BENIGN
102787,1459,334,98352,33787,BruteForce
137948,173,2,99376,55968,BENIGN
65016,1324,375,8021,21263,BENIGN
412690,326,293,72207,50424,BENIGN
461269,1434,837,23981,53170,BENIGN
31959,1142,1005,18974,56847,BENIGN
146602,836,553,47260,64410,BENIGN
235928,724,318,56218,53854,BENIGN
391245,225,381,45129,21236,BENIGN
275892,532,14,45732,4726,BENIGN
238576,113,504,87044,27906,BENIGN
23545,140,231,67669,48132,BENIGN
399803,559,1108,51169,28451,BENIGN
469415,1,130,78521,79603,BENIGN
175838,90,838,69684,11608,BENIGN
345674,654,1169,48445,62822,BENIGN
365701,320,891,13640,45971,DDoS
71087,139,28,83957,2504,BENIGN
499055,845,66,14857,31431,PortScan
78840,259,1187,69173,52728,BruteForce
128451,902,1253,66133,34170,BENIGN
457600,690,261,77443,49367,BENIGN
323149,10,1473,96611,58885,BENIGN
449792,261,1448,78758,21907,DDoS
49353,172,460,13424,25268,BENIGN
203075,898,301,69786,12208,BENIGN
224283,13,919,93769,26723,BENIGN
324877,1192,1327,74571,75007,DDoS
75318,321,287,57826,78557,DDoS
251025,1343,1419,90523,61515,BENIGN
492690,329,1034,31151,56135,BENIGN
426880,785,630,70702,49729,BENIGN
77172,777,270,49277,38758,BENIGN
226688,911,592,17494,46469,PortScan
266951,1443,844,67763,7959,BENIGN
103264,1119,862,60134,60914,BENIGN
256458,318,1385,11300,77540,BENIGN
298880,236,1281,38323,33093,PortScan
235281,334,133,64378,46773,DDoS
122859,376,1300,19208,56051,BENIGN
384325,1483,972,13319,79215,DDoS
404070,1161,513,75405,54554,BENIGN
362228,588,313,64370,7306,BENIGN
441839,513,576,9783,74518,BENIGN
279536,1320,886,31073,65644,BENIGN
327824,1344,1308,79207,34140,BENIGN
267426,918,1145,31433,32730,PortScan
187789,1373,1131,6274,23391,BENIGN
228164,873,687,72555,33283,BENIGN
323003,1253,1228,11483,24289,BENIGN
135657,270,165,96968,75751,BENIGN
245167,798,305,96834,19290,PortScan
167381,1315,156,18633,36381,BENIGN
490671,725,1391,15439,11333,BENIGN
204806,1189,620,1281,16541,DDoS
80467,5,1275,57200,6239,BENIGN
193734,851,957,28124,47862,BENIGN
108506,1403,334,7323,35363,BENIGN
119751,78,969,18989,77021,BENIGN
391050,1434,511,40461,27345,BruteForce
415904,574,1317,29618,45069,DDoS
297486,132,1044,82316,47418,BENIGN
178229,601,282,22763,21925,DDoS
471079,1066,797,14065,27376,BENIGN
378452,89,1025,20854,65105,BENIGN
455299,402,119,43451,44905,BENIGN
116081,296,1059,91679,39421,BENIGN
468949,1319,198,24148,65401,BENIGN
99045,616,485,51229,31733,BENIGN
44698,800,1083,42471,43609,PortScan
120078,422,837,19158,67768,BENIGN
352767,1047,1185,21753,44554,BENIGN
32671,575,1009,64666,67593,BENIGN
428400,143,691,49063,38153,BENIGN
365528,993,1230,26890,38705,BENIGN
445323,665,1036,89164,66952,BENIGN
96202,145,490,52078,43827,DDoS
61663,1249,276,79525,77527,BENIGN
25708,1007,693,33158,792,BENIGN
364050,503,242,7352,9111,BENIGN
321955,821,1240,95486,24572,BENIGN
143883,104,1275,3051,72310,BENIGN
328394,1063,126,72447,47453,DDoS
122547,198,217,61501,54410,BENIGN
475298,579,1330,49659,14279,BENIGN
396393,391,1209,52207,28628,BENIGN
44754,1203,1063,33743,13167,BENIGN
236814,554,1247,22300,59534,BENIGN
247714,1472,1208,76439,26151,DDoS
152483,1039,495,58328,31579,BENIGN
143983,1313,427,7739,73702,DDoS
470486,478,1202,7210,15749,BENIGN
224835,1255,919,21884,76521,DDoS
411896,923,1452,21538,5751,BENIGN
94896,420,1318,41346,41616,BENIGN
487095,157,151,88483,63364,BENIGN
81295,550,384,68321,64061,PortScan
229686,1465,308,38491,39170,BENIGN
372833,1121,1360,79557,31173,BENIGN
283255,1021,746,7471,58927,BENIGN
309648,997,892,29639,66455,DDoS
142874,1435,375,85945,25672,BENIGN
18155,951,1032,77567,3942,DDoS
476872,289,1365,80757,28301,BENIGN
311528,1278,129,85242,34364,BENIGN
384705,196,1015,38211,14422,BENIGN
57254,598,669,7030,25120,BruteForce
294062,517,1376,11616,68731,BENIGN
95981,865,1382,66294,56045,PortScan
463929,1142,517,782,50381,BENIGN
40306,806,86,79973,71202,BENIGN
157718,1183,1199,2398,9011,BENIGN
318987,815,1217,4635,19093,BENIGN
130975,228,311,7129,8499,DDoS
368745,216,1143,85620,76553,PortScan
493951,948,1242,89587,36491,PortScan
117512,15,427,65531,10511,DDoS
157443,1181,1438,33880,63369,BENIGN
480587,1285,114,17571,57046,BENIGN
383616,1181,1169,20574,21842,BruteForce
143121,47,303,91224,31612,BENIGN
172688,324,744,68343,45542,DDoS
375871,844,588,40401,55688,DDoS
385037,130,987,11705,27991,BENIGN
293076,1435,345,56161,78260,BruteForce
127796,95,814,6406,22901,BENIGN
301999,627,801,3091,18320,BENIGN
202506,755,1025,63487,8455,BENIGN
475910,1316,1171,63870,69419,BENIGN
184088,794,1311,81185,37077,BENIGN
279544,1307,1077,54900,20010,BENIGN
390002,69,1328,25650,24832,DDoS
183714,11,1093,32352,18901,PortScan
25151,1278,361,43370,63527,BENIGN
454623,872,1244,53256,5267,BENIGN
76690,550,1010,56981,20322,PortScan
14499,1158,704,1783,43763,BENIGN
16295,712,575,34191,74971,BENIGN
393029,23,1185,1625,6022,BENIGN
398215,815,1113,67565,27713,BENIGN
331184,346,688,26670,67032,BENIGN
284327,302,781,8938,12597,BruteForce
432515,363,585,20595,68623,BENIGN
153946,396,589,16654,24116,BENIGN
388480,218,1183,8504,40995,BENIGN
42711,141,489,10252,20002,BENIGN
277683,958,971,55926,25542,BENIGN
194423,1234,1348,27319,56141,DDoS
464483,985,1405,92551,68012,DDoS
189426,993,1126,24717,53874,BENIGN
398207,828,494,89208,28782,PortScan
143629,683,19,33494,9471,DDoS
310504,1484,1478,15536,3996,DDoS
223090,1004,397,77775,20358,BENIGN
143272,356,1001,98256,20613,BENIGN
253548,1008,1303,49916,19449,BENIGN
471713,1348,851,10087,53821,BENIGN
188047,1157,1389,96165,46040,BENIGN
293501,888,1355,1145,5256,BENIGN
129121,127,1368,31430,76031,PortScan
87505,1130,822,82335,66941,PortScan
12869,1009,455,30590,64111,PortScan
267186,604,725,87989,52460,BENIGN
464351,1402,1089,52642,51613,BENIGN
322252,1014,1100,26975,63532,BENIGN
122296,51,711,19388,15717,BENIGN
104179,1053,143,44232,25029,BENIGN
100272,1486,917,82123,30399,BENIGN
48467,1320,828,46805,30261,BENIGN
295472,1321,605,46537,12902,DDoS
363556,779,1497,9846,9556,BENIGN
490047,1431,1441,1087,34981,DDoS
145059,814,305,13263,65089,BENIGN
68871,1429,736,59665,43661,BENIGN
425615,1370,291,70115,64803,BENIGN
138391,420,102,36616,34840,BENIGN
449430,1206,1291,86251,26836,BENIGN
96416,983,867,91853,63343,BENIGN
342415,825,968,90801,78832,BENIGN
316208,1025,974,96148,56875,BENIGN
266687,567,842,26056,3171,BENIGN
211163,371,962,59542,46302,PortScan
117450,936,942,18599,50112,BENIGN
181890,661,1027,45596,22926,DDoS
448741,1455,85,72486,60279,BENIGN
291974,969,328,13730,76357,PortScan
420645,1333,816,29509,66968,DDoS
410109,1161,1474,71469,43298,BENIGN
126381,202,454,34366,64114,BENIGN
483125,1460,629,84746,45907,PortScan
57333,313,1245,77475,8112,BENIGN
144508,117,1178,42355,62144,BENIGN
215362,937,665,82057,70393,BENIGN
348357,575,12,6916,2479,DDoS
409111,244,1157,73016,44098,DDoS
160810,537,304,56415,74901,BENIGN
302890,75,1317,18558,8575,BENIGN
59377,386,975,77137,50874,BENIGN
451620,1234,1324,41218,48157,BENIGN
326189,475,783,33102,21000,BruteForce
370032,418,43,75158,39764,BENIGN
443006,347,944,78612,42651,BENIGN
379599,640,343,58567,14169,BENIGN
146672,939,1350,28016,60615,DDoS
235732,955,498,88469,21254,BENIGN
365323,876,364,1589,31855,BENIGN
181836,763,891,37846,63653,BENIGN
215615,1203,427,75163,45326,BENIGN
55714,1206,1005,10987,47276,BENIGN
460051,664,21,655,45395,BENIGN
112946,25,407,67994,14570,BENIGN
381760,1204,619,76729,31208,PortScan
115983,710,1015,39047,15823,DDoS
476960,1185,336,29295,62733,BruteForce
197563,177,1141,55796,47368,BENIGN
134123,285,1148,21947,20291,BruteForce
421805,63,399,37098,11075,BENIGN
315628,1003,793,42314,78101,BENIGN
92989,662,715,91251,61550,BENIGN
308356,666,51,75830,16973,BENIGN
315669,156,324,99245,27356,BENIGN
188274,1493,789,88460,6914,BENIGN
173707,1073,141,63778,7715,BENIGN
335352,967,470,55577,44184,BENIGN
305972,849,787,72406,17264,BENIGN
421927,1108,1358,10028,38026,BENIGN
275564,1385,964,94312,37344,BENIGN
368896,689,1008,50600,57449,DDoS
141373,148,373,8679,37844,DDoS
448452,342,494,49281,50276,BENIGN
125294,476,751,55767,32552,BENIGN
469451,1087,1180,82879,4132,BENIGN
457456,1384,291,24452,34448,DDoS
134019,561,1168,54298,61540,BENIGN
75726,327,106,99196,77416,BENIGN
151564,1165,1444,51439,53759,BENIGN
387812,990,670,30016,38702,BENIGN
278246,215,2,57026,58027,BENIGN
191408,435,589,10949,38878,DDoS
128015,952,644,50790,22618,BENIGN
226386,723,90,87161,76015,BENIGN
264079,1342,1369,73454,78087,DDoS
36641,32,350,23246,20766,DDoS
175656,670,1483,68490,45775,BENIGN
173817,285,1287,59310,60442,BENIGN
426309,1329,1375,83797,26864,BENIGN
469321,429,1132,15723,22712,PortScan
375890,286,1063,72737,51301,BENIGN
455101,1168,909,3097,57949,PortScan
46631,1448,159,66177,61257,BENIGN
252289,1043,959,3159,35817,BENIGN
82991,18,312,87016,13456,BENIGN
14014,769,1265,75067,23364,BENIGN
283237,590,445,15537,26011,BENIGN
28070,1395,298,47238,30406,BENIGN
307921,1199,952,72178,65758,BENIGN
66958,1010,36,12609,16889,BruteForce
92074,194,1108,22510,7514,BENIGN
20729,502,1476,9287,27427,DDoS
240785,988,1409,8972,5441,BENIGN
186089,1137,1196,23883,29184,BENIGN
207392,114,1400,62209,3008,BENIGN
168823,1246,1386,70285,18675,BENIGN
115864,947,559,35018,15388,PortScan
403002,831,891,54409,57915,BENIGN
219141,1288,141,18851,45346,BENIGN
377654,925,887,70124,10314,BENIGN
64748,55,1142,53830,64725,BENIGN
15801,800,1301,15782,3573,BENIGN
160262,778,726,85366,47435,DDoS
452905,1482,1244,22278,31181,DDoS
245362,162,1050,24764,78377,BENIGN
454209,1404,521,60175,9012,BENIGN
39592,87,10,5575,75004,BENIGN
282791,55,984,76448,53174,BENIGN
149788,1202,378,48954,69387,BENIGN
229963,1415,682,28865,12597,BENIGN
490761,1373,584,73266,27428,BENIGN
258710,1032,152,48700,68668,BENIGN
230984,833,720,11502,79258,BENIGN
382771,313,1073,14447,33220,BENIGN
342460,759,1178,79722,11456,BENIGN
268067,443,859,95340,11408,BENIGN
274512,328,1317,79110,32145,DDoS
87575,1078,50,52642,3100,BENIGN
278799,761,664,56807,43012,BENIGN
247549,1263,531,4993,2910,BENIGN
80031,1253,1084,50585,77903,PortScan
479645,579,1191,34728,34172,BENIGN
494299,1075,1226,80176,11028,BENIGN
97922,1007,857,52375,20883,BENIGN
458982,1288,146,32155,7563,DDoS
134046,1442,915,43972,67750,BruteForce
416619,96,993,49937,19756,BENIGN
42097,1112,1463,49916,66242,PortScan
481873,1102,242,60211,13989,PortScan
152038,1312,581,7316,33234,PortScan
134862,1144,687,77675,33576,BENIGN
240229,814,483,64807,20173,BENIGN
128834,491,1132,47233,13350,BENIGN
103848,452,1250,95528,66516,DDoS
62921,165,673,11740,21944,BENIGN
190798,182,631,98734,62321,BENIGN
136141,469,661,92993,37425,BENIGN
191372,910,662,98844,67199,DDoS
294821,735,1456,71863,42591,DDoS
65609,823,805,33262,35360,BENIGN
237897,944,419,8759,1838,DDoS
459877,7,988,50639,36476,BENIGN
41024,330,1479,15349,41820,DDoS
80313,775,1184,82268,25975,BENIGN
399957,151,650,90209,18587,BENIGN
194078,1109,969,55369,474,PortScan
367429,147,590,63595,35298,BENIGN
418554,1405,1101,71410,53612,DDoS
471243,915,509,87210,12412,BENIGN
495988,1309,441,24067,75525,BENIGN
123632,700,1278,35792,45114,BENIGN
483351,82,921,75313,51019,BENIGN
422724,514,770,97636,34219,BENIGN
261451,815,1344,52131,73455,BENIGN
13051,709,263,10385,71869,BENIGN
189819,746,1398,60159,41628,BENIGN
386836,1023,637,54806,70782,BruteForce
490358,1410,1191,66814,24918,BruteForce
97235,707,459,65587,34975,BENIGN
457237,471,999,29665,19219,DDoS
207484,1143,1304,59429,4473,BENIGN
199407,396,700,67528,26700,BENIGN
459395,261,302,96498,50745,DDoS
435309,805,1242,50312,70605,PortScan
472894,934,1126,51000,37864,BENIGN
221810,1280,554,79651,46114,DDoS
442950,905,288,59143,28262,BENIGN
213687,1250,1191,45400,70833,BruteForce
83523,1077,621,43446,56484,BENIGN
246175,940,1006,8351,10878,BENIGN
104476,854,36,16788,18924,BENIGN
243841,1388,744,73192,39494,BENIGN
289163,1304,353,68080,689,BENIGN
355757,593,73,7868,67691,PortScan
232866,714,648,85936,14094,BENIGN
96672,1182,1377,96636,58302,BENIGN
83847,632,1094,46903,35831,BENIGN
354894,59,425,91670,53115,BENIGN
220706,128,999,9668,5286,BENIGN
38251,736,708,86997,32598,BENIGN
113481,721,561,50379,1781,BENIGN
384710,1139,828,60371,56708,BENIGN
35945,1233,956,89888,69567,BENIGN
362996,526,517,99146,17135,DDoS
42217,521,428,32674,28098,PortScan
18308,552,160,92991,65187,BENIGN
278093,237,149,7081,19777,BENIGN
193062,1305,776,72353,17566,BENIGN
404366,1383,1254,64546,43826,BENIGN
230552,1225,67,50178,12189,BENIGN
110235,1302,1014,27149,24635,BENIGN
84740,1259,381,89168,11554,BENIGN
388496,494,58,82825,11742,BENIGN
338761,4,1283,15067,46589,BENIGN
235913,666,342,80904,54047,DDoS
289040,442,1154,90406,37627,BruteForce
402942,29,727,96519,16499,BENIGN
187247,1133,1196,62444,73127,BENIGN
148877,610,770,78502,412,PortScan
15237,805,614,29303,19881,PortScan
30056,75,1233,18730,60022,BENIGN
186615,838,354,18362,16823,BENIGN
197628,1170,1495,43855,67260,BENIGN
124548,128,116,31759,19852,BENIGN
383632,42,1288,99575,11108,BENIGN
144415,1380,662,87945,72825,BENIGN
416716,41,1466,31295,23920,BENIGN
456438,934,453,9270,1187,BENIGN
39375,34,287,11593,32102,DDoS
150734,1041,1327,47071,26349,BENIGN
26964,1177,1017,693,78089,BENIGN
123429,998,311,18069,8146,BENIGN
262764,1402,208,11690,46520,BENIGN
200710,588,618,63324,46463,BruteForce
476882,342,446,43252,4065,BENIGN
226139,27,670,32827,45570,BENIGN
77215,1311,633,42570,75577,DDoS
341186,646,55,86425,23231,BENIGN
154356,731,912,40697,55933,PortScan
213861,168,1036,2761,52213,BENIGN
487880,610,657,94405,26291,BENIGN
365612,268,1424,27012,55145,BENIGN
464605,821,980,7216,55612,BENIGN
19435,455,515,87295,10861,DDoS
457556,906,237,29433,17201,DDoS
185150,1425,1303,4878,63175,BENIGN
350976,922,348,41083,26217,BENIGN
61293,981,627,85871,62420,DDoS
499197,702,1128,29533,2288,PortScan
88781,634,630,24500,14556,BENIGN
201475,130,1272,76368,28530,BENIGN
170196,1020,364,43104,60078,BENIGN
236507,1387,321,68836,46133,PortScan
316063,819,286,95574,22925,BENIGN
249833,693,149,96155,32388,BENIGN
262377,1316,1108,74369,79950,DDoS
176319,1395,406,5910,41467,BENIGN
131172,794,978,83875,71591,BENIGN
366902,29,456,56544,65603,BENIGN
494963,149,800,63815,76661,BENIGN
465968,1320,1185,96555,4417,BENIGN
328717,11,1013,71844,61010,BENIGN
69101,676,784,7296,67354,BENIGN
298790,1137,460,87216,31249,BENIGN
376329,187,738,54745,22847,DDoS
33049,807,509,43556,68436,DDoS
220677,744,481,18209,64919,BENIGN
370260,1251,114,59057,62142,BENIGN
369523,1334,749,18043,27290,BENIGN
78385,98,361,37918,16493,BENIGN
136131,55,341,95111,30409,BENIGN
443374,623,770,96538,19533,BENIGN
206489,664,761,17224,34810,BENIGN
33289,758,969,4328,1606,BENIGN
382370,406,449,17587,4149,BENIGN
372937,69,835,13105,12660,BENIGN
281967,1336,1204,31837,46100,BENIGN
201232,1313,1431,5982,37263,BENIGN
314119,751,1220,65833,54630,BENIGN
19540,1172,1490,93041,52007,PortScan
26364,1491,311,88796,18989,PortScan
407827,1268,262,51452,29384,BENIGN
37663,958,1443,5963,40687,BENIGN
61991,365,406,70948,75116,BENIGN
198751,482,143,5148,2942,BENIGN
376326,201,342,34123,42437,BENIGN
172049,154,1340,59656,55861,DDoS
104704,1474,1125,36134,62560,BENIGN
59115,73,244,45102,15738,DDoS
363151,713,490,49834,48742,BENIGN
229295,296,12,69148,3294,BENIGN
201962,1041,1263,22554,2113,DDoS
207459,1241,561,70528,55576,BENIGN
159143,61,42,22707,41543,BENIGN
200347,939,678,81150,63212,BENIGN
475585,42,594,82054,60572,BENIGN
21938,25,1453,21886,42351,BruteForce
438411,1063,1182,83776,79154,BENIGN
363824,131,1240,60018,65918,BruteForce
14000,1253,1486,53281,2220,BruteForce
211660,108,134,53280,77519,DDoS
373186,172,1091,61940,77172,BENIGN
365754,1459,1031,44699,2393,BENIGN
261492,102,948,61535,13205,PortScan
375835,866,73,8710,24651,BENIGN
48304,524,399,44863,31281,BENIGN
341593,275,1429,78779,74203,BENIGN
92986,1068,578,60848,71121,BENIGN
492859,817,859,55784,78813,BENIGN
161836,957,130,72624,20174,BENIGN
118940,1041,931,69347,51231,BENIGN
489243,330,1490,22932,7974,PortScan
310638,12,1230,64589,50816,BENIGN
275517,1342,266,55898,60986,PortScan
153233,216,793,99791,69512,BENIGN
107532,339,253,3821,2726,DDoS
364802,661,822,81848,68798,BENIGN
395777,1105,1313,37883,30243,DDoS
110386,374,164,79182,66695,BENIGN
37350,976,95,79690,45116,DDoS
103008,710,833,53393,4438,BENIGN
366441,1224,1134,36320,76245,PortScan
35351,466,336,66762,4317,BruteForce
98668,1113,822,4260,10751,BENIGN
124585,1292,238,22690,63256,BENIGN
418521,489,381,67911,10578,DDoS
347497,47,1460,23877,44064,BENIGN
217869,1312,899,47237,1434,PortScan
75953,778,483,70069,63243,BENIGN
329602,1040,902,38711,54618,BENIGN
292502,711,1049,83409,60428,BruteForce
13267,401,1141,4244,22169,BENIGN
92745,981,482,25495,5339,DDoS
361732,1110,1416,17477,21581,BENIGN
310657,250,917,98438,10742,BENIGN
167164,391,994,35042,74088,BENIGN
21338,335,964,11151,27886,BENIGN
141484,629,537,99739,53353,BENIGN
17543,137,1103,79431,50789,BENIGN
378035,883,1197,95844,67387,BENIGN
436712,688,1036,17215,12925,BENIGN
70692,827,128,44909,34697,DDoS
230156,727,92,24806,58971,BENIGN
233992,594,543,19586,67197,BENIGN
316569,1247,846,14876,26449,BENIGN
48756,990,989,61850,60330,BENIGN
28888,372,447,71925,70206,DDoS
176807,935,390,37136,5583,BENIGN
319439,995,672,86620,7910,BENIGN
124352,402,43,52149,43626,BENIGN
355186,1467,254,35110,15224,BENIGN
95999,615,1154,10558,76462,DDoS
27955,1297,1084,75137,1169,BENIGN
309985,1183,663,78533,1314,DDoS
80640,1176,467,70694,10403,BENIGN
206582,995,287,77417,33758,BENIGN
438127,620,1011,64700,23548,PortScan
462247,188,1491,47119,43816,BENIGN
229798,1122,778,17654,29361,BENIGN
410573,131,345,20039,24470,BENIGN
435695,805,642,60558,8324,BENIGN
71476,1195,382,62568,44103,BENIGN
316955,936,690,77813,19596,BENIGN
177280,986,1277,30873,18557,BENIGN
161222,183,1080,33654,13155,BENIGN
81180,983,1487,6531,20325,BENIGN
184358,364,457,94033,4758,BENIGN
122856,39,983,72475,63910,BENIGN
340594,497,83,23285,71143,BENIGN
424568,1373,1123,79428,50131,BruteForce
196141,982,149,29169,43727,BENIGN
384032,921,1353,94975,38806,PortScan
120448,1421,1180,2782,5968,BENIGN
24397,722,190,35124,47495,BENIGN
444771,1185,883,48938,73533,BENIGN
188031,16,263,90400,24717,BENIGN
403944,493,1104,68034,11051,BENIGN
453733,1450,400,32205,46518,BENIGN
129180,1132,764,38744,7652,BENIGN
76234,894,609,75464,79352,PortScan
49954,1474,1284,37937,29227,BENIGN
188352,311,785,78372,41394,BENIGN
89459,739,101,75378,54422,DDoS
419995,1194,1383,73482,29793,BENIGN
205004,546,1404,51083,73839,BENIGN
476152,414,820,38892,32007,BENIGN
427682,251,1245,7961,69114,PortScan
440155,759,820,11016,7596,DDoS
210968,1165,420,79785,25698,BENIGN
438486,1298,124,18014,36142,BENIGN
69163,1440,422,36768,13561,PortScan
485853,1063,1255,90986,77009,BENIGN
61934,814,1087,37288,57004,BENIGN
205967,29,768,76249,67473,BENIGN
435523,958,483,61549,32081,BENIGN
326242,477,519,62993,13952,BENIGN
464137,318,155,36527,5403,BENIGN
15486,245,92,94047,25800,BENIGN
149407,748,982,43349,35829,BENIGN
359044,697,455,18358,18752,DDoS
136020,272,598,84662,49693,BENIGN
112795,1464,510,79503,31474,BENIGN
230184,1263,1207,52895,64750,BENIGN
152202,377,386,40258,35736,BENIGN
359652,266,405,54812,47706,BENIGN
247027,926,246,69170,63359,BENIGN
128324,921,742,82779,16254,DDoS
332710,1383,661,15934,12656,PortScan
207775,340,650,64547,2487,BENIGN
299336,389,1495,48275,77543,BENIGN
273206,577,1447,76269,35398,BENIGN
94076,3,901,67177,21525,DDoS
99780,1453,65,84055,3906,DDoS
162617,1166,1037,86420,57920,BENIGN
31689,376,213,46234,33128,BENIGN
283318,324,242,89003,26789,DDoS
360605,146,493,41103,14687,BENIGN
398318,293,1237,77208,69763,BENIGN
375177,432,338,82426,72132,BENIGN
19348,705,173,69303,2891,BENIGN
426930,949,672,39832,48816,PortScan
48102,585,164,92203,62361,BruteForce
84460,399,465,21812,67036,BENIGN
374778,817,995,93876,62053,BENIGN
99930,1368,497,85026,11387,BENIGN
16801,964,700,44679,31116,BENIGN
113150,1164,395,71942,23708,BENIGN
213339,187,703,40879,436,BENIGN
189208,61,308,17797,17713,BENIGN
164697,939,183,2511,59800,BENIGN
223945,1404,629,44514,56658,BENIGN
241915,710,510,12238,66497,BENIGN
213664,807,546,94833,33154,BENIGN
218124,1464,624,47998,76540,BENIGN
447477,1343,594,11620,16622,BruteForce
11542,1326,744,9267,7268,BENIGN
293821,1368,1251,23352,27818,BENIGN
187804,11,1460,79739,52225,PortScan
191415,1086,1446,1429,60148,BruteForce
49081,226,554,77987,2000,BENIGN
203928,1177,21,92075,23499,DDoS
365249,564,554,95540,44889,BENIGN
229930,772,397,17938,32415,BENIGN
291209,1334,625,49015,62234,BENIGN
224532,885,105,6244,54616,BENIGN
98092,1267,192,84320,5820,BENIGN
326837,1390,17,42917,36755,BENIGN
299106,1354,1144,7569,41905,BENIGN
38295,1131,393,42859,15255,BENIGN
23807,226,425,20299,44349,BENIGN
445564,825,129,99246,14217,BENIGN
167504,218,1154,94262,70593,BENIGN
486501,937,572,70688,78881,DDoS
248067,753,29,90359,65225,DDoS
495008,506,1121,8097,70569,PortScan
461070,259,1034,47593,31254,BENIGN
443478,54,242,37726,72917,DDoS
178152,1071,232,72627,41758,BENIGN
404540,727,789,91869,21413,BENIGN
363411,689,1308,77862,44239,BENIGN
176981,1123,715,26917,29645,BENIGN
230411,1044,759,19193,46613,BENIGN
29870,419,802,80174,69466,BENIGN
437794,690,776,53661,48161,DDoS
213196,850,726,2669,49598,BENIGN
258683,62,200,84592,47521,BENIGN
244677,1169,945,22552,45242,BruteForce
36790,216,79,72349,3753,BENIGN
128874,3,956,74351,55235,BENIGN
297433,160,856,8536,43670,BENIGN
458345,781,1197,32278,8628,BENIGN
234786,1144,467,28234,15834,BENIGN
497462,893,581,23673,36620,BENIGN
25485,1113,1440,30903,49470,BENIGN
316626,329,940,66821,8940,BENIGN
96188,580,449,72175,30349,BENIGN
14748,1381,87,6844,5918,BENIGN
227841,1291,101,19300,56353,BENIGN
150507,952,1032,25872,2220,DDoS
275853,1347,845,62016,44237,BENIGN
133961,635,1224,21038,70024,BENIGN
40355,988,87,64418,12507,BENIGN
196843,1219,43,15473,66074,BENIGN
461015,921,1409,71655,33272,BENIGN
416332,738,1459,60000,11099,BENIGN
166542,1356,408,37075,71388,PortScan
183416,170,664,42761,29216,DDoS
315062,521,1041,28216,70763,BENIGN
324368,1487,148,3736,77000,DDoS
49298,40,277,16348,37458,BENIGN
352363,1285,232,2852,71996,BENIGN
71629,1419,366,2432,61810,BENIGN
338184,955,1252,76949,58992,BENIGN
240907,1250,436,9056,62044,DDoS
300160,984,399,87336,16110,BENIGN
33960,1148,1235,5998,5426,BENIGN
305735,975,1415,76618,30309,PortScan
223920,38,499,50598,492,BENIGN
375477,328,540,64886,36713,BENIGN
252804,1275,563,10069,13116,BENIGN
386965,1200,442,57382,39382,DDoS
470857,914,1285,70893,65348,DDoS
308539,454,773,840,51240,BENIGN
139695,37,350,44449,32430,BENIGN
425916,1340,1376,82802,40442,BENIGN
306764,973,520,62943,36768,DDoS
244286,796,1344,92168,30998,BENIGN
138148,973,138,74527,10955,BENIGN
292703,593,992,638,48197,PortScan
496261,1138,368,858,30375,BENIGN
365540,1064,1244,75750,9659,BENIGN
202714,1325,1361,85876,42356,BENIGN
217611,224,1247,31154,52131,BruteForce
293876,318,360,26379,59491,BENIGN
269747,349,921,82032,33572,BENIGN
101362,115,329,56278,14971,BENIGN
433570,698,962,38272,27348,BENIGN
285987,1347,463,58978,76574,BENIGN
124065,1064,946,64853,26263,BENIGN
343870,40,963,27262,44254,BruteForce
27640,1313,1406,13783,72609,BENIGN
62528,1286,836,64422,1017,BENIGN
310557,216,169,39920,11976,BENIGN
269214,1171,217,56068,4734,BENIGN
324782,336,378,85590,50110,PortScan
455952,1192,119,20719,5294,BENIGN
120133,92,190,57669,4534,BENIGN
378501,353,767,75465,69600,BENIGN
209938,571,370,47340,44249,BENIGN
160159,816,149,45195,37705,BENIGN
182502,781,652,85254,35172,BENIGN
165576,363,770,78488,42515,DDoS
410330,557,374,58842,23485,PortScan
351003,1369,781,19451,43742,BENIGN
371801,1194,160,1807,52059,BruteForce
414191,356,351,80888,41453,BENIGN
21023,191,1312,91268,77835,BENIGN
31447,422,1312,35928,2881,BENIGN
493685,700,892,92521,52017,BENIGN
398043,7,1250,76274,3063,BENIGN
296103,133,523,39475,55780,BENIGN
76203,557,522,1640,39059,BENIGN
391300,826,783,25342,76367,BENIGN
170775,761,273,26921,25607,BENIGN
19337,1055,936,2208,11364,DDoS
56427,535,1426,4130,77148,BENIGN
333673,426,183,20095,37848,BENIGN
374167,1418,488,76521,37245,BENIGN
356809,672,846,28808,48237,BENIGN
115787,363,124,45289,6776,PortScan
172993,1461,985,56190,52056,BENIGN
305451,82,790,26586,2682,BENIGN
430571,356,414,17359,49983,DDoS
137016,1282,1196,8184,45576,BENIGN
276979,589,1312,91588,33702,BENIGN
30159,295,1459,1707,27246,BENIGN
188677,1248,686,46599,79998,PortScan
393934,1070,113,67996,74233,BENIGN
377760,1137,888,66593,22635,BENIGN
441304,1257,122,30189,45395,BENIGN
350896,17,1246,49151,27497,BENIGN
327428,360,39,14393,22310,BENIGN
329187,1247,497,98308,24423,BENIGN
176619,866,780,66918,3190,BENIGN
369151,700,1257,60511,8326,PortScan
92844,448,943,39135,65225,DDoS
37532,856,149,56615,69142,BENIGN
175421,365,1421,95571,33965,DDoS
132402,675,1022,78905,9577,BENIGN
128012,1008,661,73202,42539,BENIGN
448661,1350,302,79018,47964,BENIGN
408929,467,1384,73305,48308,DDoS
66178,414,238,59454,14983,DDoS
59407,1479,647,28564,970,BENIGN
473556,586,663,79563,18189,PortScan
60990,1257,236,2954,55912,BENIGN
478888,1248,203,21378,44835,PortScan
139473,994,256,51598,78842,BruteForce
468761,1436,598,62654,54619,BENIGN
488007,572,662,13491,21939,DDoS
330285,335,235,68844,65012,BENIGN
427009,1246,1369,37093,16933,BENIGN
328714,37,534,36804,34960,BENIGN
236156,989,860,30886,69275,BENIGN
178964,278,1490,55720,32472,PortScan
11015,1220,770,69838,59497,BENIGN
71813,916,541,94789,59147,BENIGN
37712,484,213,21583,11877,DDoS
110497,1266,463,18854,77599,BruteForce
411631,1348,436,22690,20476,BENIGN
252926,731,283,6642,44686,BruteForce
122816,192,1487,28898,64272,BENIGN
138778,1041,1431,52471,41303,DDoS
72292,524,88,42362,20296,BENIGN
295977,918,1068,99168,36231,BENIGN
145230,401,461,53910,36010,BENIGN
203752,886,278,20003,34993,BENIGN
292453,705,421,48956,36040,BENIGN
279114,22,1377,82535,77541,BENIGN
344618,474,696,8516,76802,BENIGN
489920,1144,515,2884,17674,PortScan
318684,210,703,62820,76974,BENIGN
161456,306,19,15572,46213,BENIGN
290161,1294,23,80518,66325,BENIGN
348024,704,413,41010,44816,BENIGN
115570,687,1054,49433,26369,DDoS
280846,285,108,22326,56533,DDoS
403600,716,1391,68526,59349,BENIGN
10404,763,1305,26018,39478,BENIGN
